,Unnamed: 0,code,title,link,image,pubDate,director,actors,rating,story,runTime
0,1,144694,스타워즈: 라이즈 오브 스카이워커,https://movie.naver.com/movie/bi/mi/basic.nhn?code=144694,https://ssl.pstatic.net/imgmovie/mdi/mit110/1446/144694_P34_144547.jpg,2019.0,J.J. 에이브럼스,"['존 보예가', '데이지 리들리', '아담 드라이버', '오스카 아이삭']",6.66,"더욱 강력해진 포스로 돌아온 ‘레이’는 전 우주를 어둠의 힘으로 지배하려는 ‘카일로 렌’에게 대적할 유일한 히로인으로 거듭난다.  미래의 운명을 쥔 ‘레이’는 든든한 조력자이자 친구인 ‘핀’, ‘포’와 함께 새로운 미래를 위한 험난한 여정을 떠나고, 선과 악의 거대한 전쟁을 마주하게 된다. 또한 ‘카일로 렌’과의 피할 수 없는 운명적 대결을 펼치게 되는데…  전쟁을 끝내고 새로운 전설로 탄생할 선택받은 영웅은 누가 될 것인가?!",141분 
1,2,144693,한 솔로: 스타워즈 스토리,https://movie.naver.com/movie/bi/mi/basic.nhn?code=144693,https://ssl.pstatic.net/imgmovie/mdi/mit110/1446/144693_P08_135331.jpg,2018.0,론 하워드,"['엘든 이렌리치', '에밀리아 클라크', '우디 해럴슨', '폴 베타니']",7.86,"최고의 파일럿을 꿈꾸던 '한 솔로'는 문제적 멘토 '베킷'의 유혹에 빠져 든든한 파트너 '츄바카', 한때 연인이었던 '키라'와 함께 팀을 꾸려 수수께끼의 임무에 도전한다.  소문난 밀수꾼 '랜도'까지 합류, 미션을 수행하는 도중 상상도 못했던 위험과 마주하게 되는데···",135분 
2,3,125488,스타워즈: 라스트 제다이,https://movie.naver.com/movie/bi/mi/basic.nhn?code=125488,https://ssl.pstatic.net/imgmovie/mdi/mit110/1254/125488_P20_135324.jpg,2017.0,라이언 존슨,"['데이지 리들리', '마크 해밀', '오스카 아이삭', '아담 드라이버', '캐리 피셔', '존 보예가']",6.35,"악의 세력인 무자비한 ‘퍼스트 오더’가 은하계를 장악한 시대.  레아 장군이 이끄는 저항군은 승리의 불씨를 지필 마지막 희망을 찾아 ‘레이’를 과거의 영웅 ‘루크’에게 보낸다.  루크를 통해 자신 안에 잠들어 있던 특별한 힘을 깨닫게 된 레이는 뜻밖에 퍼스트 오더의 실세 ‘카일로 렌’과도 교감하게 되는데…  누가 빛이고 누가 어둠이 될 것인가? 지금, 선과 악의 운명을 건 거대한 전쟁이 시작된다!",152분 
3,4,160895,가디언 오브 더 스타 워즈 빌리지,https://movie.naver.com/movie/bi/mi/basic.nhn?code=160895,,2017.0,펄 위커더,[],0.0,None,None
4,5,136868,로그 원: 스타워즈 스토리,https://movie.naver.com/movie/bi/mi/basic.nhn?code=136868,https://ssl.pstatic.net/imgmovie/mdi/mit110/1368/136868_P75_101138.jpg,2016.0,가렛 에드워즈,"['펠리시티 존스', '디에고 루나', '매즈 미켈슨', '리즈 아메드', '포레스트 휘태커', '견자단', '강문']",8.49,"희망이 사라진 세상. 반군 소속의 ‘진’ (펠리시티 존스)은 적의 최종병기 ‘데스 스타’ 개발에 아버지가 참여했단 과거 때문에 데스 스타의 약점을 캐내는 임무를 떠맡게 된다. 단숨에 행성 하나를 파괴할 위력을 지닌 데스 스타가 완성되기 전에 설계도를 훔쳐내야 하는 이번 작전의 성공 확률은 고작 2.4%. 생사도 모르는 아버지에 얽힌 비밀을 밝히려는 진을 비롯해 유능한 정보 요원 ‘카시안’(디에고 루나), 두 눈이 멀었지만 탁월한 무술 실력을 지닌 ‘치루트’(견자단), 전투 베테랑 ‘베이즈’, 파일럿 ‘보디’, 시니컬한 드로이드 ‘K-2SO’까지 합류, 거대한 전쟁을 끝낼 ‘로그 원’이 이끄는 가장 비밀스런 작전이 시작되는데…",133분 
5,6,149531,스타워즈: 깨어난 포스 레고 피겨,https://movie.naver.com/movie/bi/mi/basic.nhn?code=149531,https://ssl.pstatic.net/imgmovie/mdi/mit110/1495/149531_P01_181616.jpg,2016.0,,[],1.0,<스타워즈: 깨어난 포스> 레고 피겨 액션 애니메이션,1분 
6,7,100072,스타워즈: 깨어난 포스,https://movie.naver.com/movie/bi/mi/basic.nhn?code=100072,https://ssl.pstatic.net/imgmovie/mdi/mit110/1000/100072_P77_104127.jpg,2015.0,J.J. 에이브럼스,"['해리슨 포드', '마크 해밀', '캐리 피셔', '도널 글리슨', '그웬돌린 크리스티', '사이먼 페그', '오스카 아이삭', '막스 폰 시도우', '존 보예가', '데이지 리들리', '아담 드라이버']",7.74,새로운 전설을 그려나가게 될 포스의 선택을 받은 ‘레이’ 와 포스의 기운을 모아 정의를 위해 싸우는 ‘핀’ 그리고 저항군 최고의 파일럿 ‘포’가 함께 힘을 모아 우주의 정의를 위해 싸운다.,135분 
7,8,132345,스타워즈 반란군,https://movie.naver.com/movie/bi/mi/basic.nhn?code=132345,https://ssl.pstatic.net/imgmovie/mdi/mit110/1323/132345_P01_153355.jpg,2014.0,,[],9.5,"오직 어둠만이 존재하는 은하계 제국의 통치 아래... 빛의 포스로 맞서 싸우는 용감한 영웅들이 나타났다!  민첩하고 약삭빠른 에즈라! 용맹함과 리더십이 넘치는 제다이 기사 케이넌! 고스트 우주선의 조종사 헤라! 다혈질의 근육 담당 젭! 치명적인 매력의 폭발 담당 사빈!","
 2014
.11.07 개봉
						
						
					
					"
8,9,85738,로봇 치킨: 스타 워즈 에피소드 3,https://movie.naver.com/movie/bi/mi/basic.nhn?code=85738,,2010.0,크리스 맥케이,"['세스 그린', '아브라함 벤루비']",6.67,None,"
미국
"
9,10,49821,스타 워즈: 클론 전쟁,https://movie.naver.com/movie/bi/mi/basic.nhn?code=49821,https://ssl.pstatic.net/imgmovie/mdi/mit110/0498/D9821-00.jpg,2008.0,데이브 필로니,"['맷 랜터', '사무엘 L. 잭슨', '이안 아베크롬비', '코리 버튼', '톰 케인', '제임스 아놀드 테일러', '캐서린 타버']",7.51,"어둠의 세력으로 인해 은하계 전체가 클론 전쟁에 휘말리고, 제다이 기사단은 평화를 회복하기 위해 전투에 나선다. 그러나 점점 더 많은 행성계가 다크 사이드 포스의 손아귀에 빠져든다. '아나킨 스카이워커'와 그의 제자 '아소카 타노'는 은하계 범죄단의 수괴인 '자바 더 헛'의 아들이 납치 당하자, 그 아들을 구출하는 임무 수행을 위해 떠나고, 잔악무도한 악당들이 그들의 여정을 막으려 한다. 한편, 클론 전쟁의 최전선에서는 오비완 요다가 거대한 클론 군대를 이끌고 다크 사이드 포스 진영에 맞서 싸우며 먼 훗날 전설로 기억될 클론 전쟁의 서막이 막을 올리는데.",98분 
10,11,47528,해리 포터와 죽음의 성물 - 2부,https://movie.naver.com/movie/bi/mi/basic.nhn?code=47528,https://ssl.pstatic.net/imgmovie/mdi/mit110/0475/47528_P50_144916.jpg,2011.0,데이빗 예이츠,"['다니엘 래드클리프', '엠마 왓슨', '루퍼트 그린트']",9.32,"모든 것을 끝낼 최후의 전투! 판타지의 아름다운 역사가 드디어 마침표를 찍는다! 덤블도어 교장이 남긴 ‘죽음의 성물’의 단서를 쫓던 해리 포터는 볼드모트가 그토록 찾아 다닌 절대적인 힘을 가진 지팡이의 비밀을 통해 드디어 마지막 퍼즐을 완성한다. 볼드모트의 영혼이 담긴 다섯 번째 ‘호크룩스’를 찾기 위해 마법학교 호그와트로 돌아온 해리와 친구들은 그들을 잡으려는 보안마법에 걸려 위기를 맞지만 덤블도어의 동생인 에버포스의 도움으로 벗어난다. 그리고 그에게서 덤블도어와 어둠의 마법사 그린델왈드에 관한 놀라운 과거에 대해 알게 된다. 한편, 볼드모트는 해리에 의해 호크룩스들이 파괴되었음을 느끼고 호그와트로 향한다. 해리를 주축으로 한 불사조 기사단과 죽음을 먹는 자들 간의 마법전투가 벌어지고 여기에 거대거미 아크로맨투라와 거인족 등 마법 생물들이 볼드모트 편으로 가세하면서 호그와트는 거대한 전쟁터로 변한다. 전쟁의 틈에서 해리는 덤블도어를 죽인 스네이프의 엄청난 비밀과 볼드모트를 죽일 마지막 호크룩스에 대한 단서를 알게 되는데...",131분 
11,12,67901,해리 포터와 죽음의 성물 - 1부,https://movie.naver.com/movie/bi/mi/basic.nhn?code=67901,https://ssl.pstatic.net/imgmovie/mdi/mit110/0679/67901_P52_160214.jpg,2010.0,데이빗 예이츠,"['다니엘 래드클리프', '엠마 왓슨', '루퍼트 그린트']",8.21,"덤블도어 교장의 죽음 이후, 마법부는 죽음을 먹는 자들에게 점령당하고 호그와트는 위기에 빠진다. 이에 해리와 론, 헤르미온느는 볼드모트를 물리칠 수 있는 유일한 단서이자 그의 영혼이 담긴 ‘성물’ 호크룩스를 찾기 위한 위험한 여정에 나선다. 그러나 영혼이 연결되어 있는 볼드모트와 해리. 볼드모트를 파괴하면 해리의 목숨 또한 위태로워질지 모른다! 죽느냐 죽이느냐, 이제 그 마지막 대결은 극한을 향해 치닫는데…",146분 
12,13,67900,해리 포터와 혼혈 왕자,https://movie.naver.com/movie/bi/mi/basic.nhn?code=67900,https://ssl.pstatic.net/imgmovie/mdi/mit110/0679/67900_P01_130458.jpg,2009.0,데이빗 예이츠,"['다니엘 래드클리프', '엠마 왓슨', '루퍼트 그린트']",6.97,"어둠의 세력이 더욱 강력해져 머글 세계와 호그와트까지 위협해온다. 위험한 기운을 감지한 덤블도어 교수는 다가올 전투에 대비하기 위해 해리 포터와 함께 대장정의 길을 나선다. 볼드모트를 물리칠 수 있는 유일한 단서이자 그의 영혼을 나누어 놓은 7개의 호크룩스를 파괴하는 미션을 수행해야만 하는 것! 또한 덤블도어 교수는 호크룩스를 찾는 기억여행에 결정적 도움을 줄 슬러그혼 교수를 호그와트로 초청한다.  한편 학교에서는 계속된 수업과 함께 로맨스의 기운도 무르익는다. 해리는 자신도 모르게 지니에게 점점 끌리게 되고, 새로운 여자 친구가 생긴 론에게 헤르미온느는 묘한 질투심을 느끼는데... 남겨진 결전을 위한 최후의 미션, 볼드모트와 해리 포터에 얽힌 치명적인 비밀, 선택된 자만이 통과할 수 있는 대단원을 향한 본격적인 대결이 시작된다!",153분 
13,14,57095,해리 포터와 불사조 기사단,https://movie.naver.com/movie/bi/mi/basic.nhn?code=57095,https://ssl.pstatic.net/imgmovie/mdi/mit110/0570/E7095-00.jpg,2007.0,데이빗 예이츠,"['다니엘 래드클리프', '엠마 왓슨', '루퍼트 그린트']",7.03,"길고도 지루한 여름 날 호그와트 마법학교 다섯 번째 해를 기다리고 있는 해리포터(다니엘 래드클리프). 이모부 더즐리 식구들과 참고 사는 것도 지겨운데다 친구 론(루퍼트 그린트)과 헤르미온느(엠마 왓슨)에게서는 편지 한 통 오지 않는다. 그러던 중 예상치 못했던 편지 한 장이 도착한다. 그것은 해리가 학교 밖인 리틀 위닝에서 얄미운 사촌 두들리, 즉 머글 앞에서 디멘터들의 공격을 막는 마법을 사용했기 때문에 호그와트 마법학교에서 퇴학 당하게 되었다는 소식이었다. 앞이 캄캄한 해리. 갑자기 어둠의 마법사 오러들이 나타나 해리를 불사조 기사단의 비밀 장소로 데리고 간다. 시리우스(게리 올드만)를 위시한 불사조 기사단을 만난 해리는 과거, 부모님들의 활약상을 알게 되어 힘을 얻고, 자신을 퇴학시키기 위해 마법부 장관 코넬리우스 퍼지(로버트 하디)가 법정에 세우지만 덤블도어 교장(마이클 갬볼 경)의 중재 덕분에 무죄 판결까지 받는다. 하지만 예언자 일보는 볼드모트(랄프 파인즈)가 돌아왔다는 해리의 말이 새빨간 거짓말이라며 비난하고 학생들 역시 해리를 의심하며 따돌린다. 게다가 자신이 가장 힘들어 할 때 도움을 주던 덤블도어 교장까지도 이유 없이 해리를 멀리하고….  한편, 덤블도어도 못마땅한데 해리의 퇴학마저 무산이 되자 마법부 장관은 ‘어둠의 마법방어술’ 과목에 돌로레스 엄브릿지(이멜다 스털톤)를 교수로 임명한다. 하지만 엄브릿지의 마법방어술 수업은 학생들이 어둠의 힘으로부터 스스로를 지켜내기는커녕 오히려 곤경에 빠지게 한다.  이에 헤르미온느와 론은 해리의 능력을 믿고 자칭 ‘덤블도어의 군대’라고 명명한 비밀단체를 조직한다. 해리는 어둠의 마법에 맞서 스스로를 지켜낼 수 있는 방법을 학생들에게 가르쳐주며 앞으로 닥칠 격전에 대비시킨다. 그러나 밤마다 불길한 사건을 예견하는 악몽에 시달리는 해리. 이제 볼드모트와의 대결이 머지 않았음을 느끼게 된다. 시리우스가 공격 당하는 악몽을 꾼 해리는 덤블도어 군대와 함께 마법부 미스터리 부서 예언의 방으로 향한다. 그리고 이어 나타난 죽음을 먹는 자들…. 빛의 마법과 어둠의 마법간의 불꽃 튀는 대결 해리포터와 불사조 기사단, 호그와트의 운명이 그들에게 달렸다!",137분 
14,15,37883,해리 포터와 불의 잔,https://movie.naver.com/movie/bi/mi/basic.nhn?code=37883,https://ssl.pstatic.net/imgmovie/mdi/mit110/0378/37883_P158_182652.jpg,2005.0,마이크 뉴웰,"['다니엘 래드클리프', '엠마 왓슨', '루퍼트 그린트']",8.03,"해리 포터 일생일대 최대 난관! 요즘 들어 매일 꾸는 악몽 때문에 이마의 상처에 더욱 통증을 느끼는 해리(다니엘 래드클래프)는 친구 론(루퍼트 그린트)과 헤르미온느(엠마 왓슨)와 함께 퀴디치 월드컵에 참가해 악몽에서 벗어날 수 있게 돼 마냥 기쁘다. 그러나 퀴디치 캠프장 근방 하늘에 불길한 기운, 바로 마왕 볼드모트의 상징인 '어둠의 표식'이 나타난다. 볼드모트가 13년 전에 자취를 감춘 뒤 감히 모습을 드러내지 못했던 그의 추종자 데스 이터들이 그 표식을 불러낸 것이다. 두려움으로 가득 찬 해리는 안전한 호그와트 마법학교로 돌아가고 싶어한다. 덤블도어 교장(마이클 갬본 경)이라면 자신을 지켜줄 수 있을 것이기에….  최강의 챔피언을 찾아라! 트리위저드 마법경연대회! 그러나 올해는 예년과 상황이 좀 다르다. 덤블도어 교장은 유럽의 세 개 명문 마법학교의 결속을 다지기 위해 그간 중단됐던 호그와트에서 '트리위저드 대회'를 개최한다고 발표한다. 트리위저드 대회는 마법의 최고 명문 3개 학교에서 선발된 챔피언 한 명씩 출전해 트리위저드 컵을 놓고 목숨을 건 경합을 벌이는 마법사들 세계에서 가장 흥미진진하고 위험한 마법경연대회. 마법의 '불의 잔'이 각 학교 출전자를 선발하는 의식이 열리고 현란한 불꽃의 축제 속에 불의 잔은 마침내 세 학생의 이름을 호명한다. 강인한 불가리아 덤스트랭 학교의 퀴디치 경기 슈퍼스타인 빅터 크룸(스타니슬라브 이아네브스키)과 우아한 보바통 마법아카데미의 플뢰르 델라쿠르(클레멘스 포에시), 그리고 호그와트의 최고 인기남 케드릭 디고리(로버트 패틴슨). 그러나 세 명의 이름이 다 호명된 후, 뜻밖에도 불의 잔은 또 한 명의 이름을 내뱉는다. 바로 '해리포터'!  피할 수 없는 숙명의 대결! 그러나 해리는 시합 출전자의 나이 제한인 17세보다 세 살이나 어린 14세. 게다가 불의 잔 속에 자신의 이름을 넣은 적이 없다며 거부하지만 불의 잔의 단호한 뜻에 따라 어쩔 수 없이 출전하게 된다. 이 일로 해리에겐 의혹과 시기의 시선이 집중되고 추문 폭로기사 전문기자 리타 스키터는 해리에 대한 모함성 기사를 써서 이를 더욱 부채질한다. 친구 론마저도 해리가 유명해지고 싶어서 불의 잔을 조작했다고 믿기 시작한다. 해리를 위험에 처한 누군가의 음모라고 생각한 덤블도어 교장은 신임 '어둠의 마법 방어술' 교수 '매드아이 무디'(브랜든 글리슨)에게 해리를 잘 지키라고 지시한다. 해리는 트리위저드 대회의 불 뿜는 용 피하기, 거대한 호수 깊이 잠수하기, 살아있는 미로를 빠져 나오기라는 세가지 과제에 대비한 마법 훈련에 돌입한다. 그러나 그보다 해리에게 더 힘든 숙제는 크리스마스 무도회에 함께 참석할 파트너를 구하는 문제다. 해리에겐 용이나 인어, 그라인딜로우와 싸우는 편이 사랑스러운 여학생 초 챙(케이티 렁)에게 무도회의 파트너가 돼달라고 부탁하는 것보다 훨씬 쉬운 일. 한편 론은 헤르미온느에 대한 자신의 감정이 예전과 다르다는 걸 미처 깨닫지 못하고…  불의 잔을 향한 최강의 스펙터클이 펼쳐진다! 그러던 중 호그와트 교정에서 누군가 살해되면서 상황은 급변한다. 볼드모트의 악몽으로 두려움에 휩싸인 해리는 덤블도어를 찾아가지만 그 역시도 뚜렷한 해답을 제시하지 못한다. 경기가 진행되고 해리와 다른 출전자들이 마지막 과제를 풀기 위해 안간힘을 쓰고 있을 때 무언가가 계속 이들을 주시한다. 승리가 목전에 다가온 그 순간, 이제까지의 모든 진실이 밝혀지고 해리포터에게는 진정한 악과의 피할 수 없는 대결이 기다리고 있는데….",156분 
15,16,35546,해리 포터와 아즈카반의 죄수,https://movie.naver.com/movie/bi/mi/basic.nhn?code=35546,https://ssl.pstatic.net/imgmovie/mdi/mit110/0355/35546_P88_142722.jpg,2004.0,알폰소 쿠아론,"['다니엘 래드클리프', '엠마 왓슨', '루퍼트 그린트']",8.74,"13세가 된 ‘해리 포터(다니엘 래드클래프)’는 아버지의 험담을 하는 이모부의 누이 마지 아줌마를 거대한 괴물 풍선으로 만들어 버리고 만다. 일반 세상에서 마법 사용이 금지되어 있는 법을 어긴 해리는 마법부의 징계가 두려워 도망을 치다가 만나게 된 마법부 장관은 ‘시리우스 블랙’(게리 올드만)이 아즈카반의 감옥을 탈출해 해리를 찾고 있다는 소식을 전한다. 시리우스 블랙은 어둠의 마왕인 볼드모트 경을 해리의 부모님에게 이끌어 죽음으로 몰고 간 당사자. 설상가상으로 영혼을 빨아들이는 아즈카반의 무시무시한 간수 ‘디멘터’가 호그와트에 머물며 해리를 위협한다. 그러나 새로 부임한 어둠의 마법 방어술 교수 ‘루핀’(데이빗 튤리스)이 가르쳐준 '패트로누스' 마법으로 해리는 디멘터에게 대적할 힘을 얻는다. 시리우스 블랙과의 불가피한 대결은 다가오고, 해리는 자신과 시리우스 블랙 사이에 얽혀있는 엄청난 비밀을 직면하게 되는데…. 해리를 위협하는 어둠의 세력, 그에 맞서는 해리의 활약! 놀라움으로 가득한 마법의 세계가 다시 펼쳐진다!",141분 
16,17,33930,해리 포터와 비밀의 방,https://movie.naver.com/movie/bi/mi/basic.nhn?code=33930,https://ssl.pstatic.net/imgmovie/mdi/mit110/0339/C3930-06.jpg,2002.0,크리스 콜럼버스,"['다니엘 래드클리프', '루퍼트 그린트', '엠마 왓슨']",8.9,"해리 포터에겐 이번 여름방학이 별로 즐겁질 못했다. 마법이라면 질색을 하는 페투니아 이모(피오나 쇼 분)와 버논 이모부(리차드 그리피스 분)의 구박도 그렇지만, 무엇보다 속상한 건 단짝이었던 론 위즐리(루퍼트 그린트 분)와 헤르미온느 그레인저(엠마 왓슨 분)가 그 사이 자신을 까맣게 잊었는지 자신의 편지에 답장 한 통 없다는 것.  그러던 어느날 꼬마 집요정 도비가 해리의 침실에 나타나 뜻밖의 얘기를 한다. 호그와트 마법학교로 돌아가면 무서운 일을 당할 거라는 것. 도비는 해리를 학교에 못 가게 하려고 자신이 여태까지 론과 헤르미온느의 답장을 가로채 왔음을 고백한다. 그러나 도비와 더즐리 가족의 방해에도 불구, 해리는 론과 그의 형제들이 타고 온 하늘을 나는 자동차를 타고 이모집을 탈출, 따뜻한 가족애가 넘치는 론 위즐리의 집으로 간다.  개학을 앞두고 학교에 가는 날, 론과 해리는 뭔가의 방해로 9와 3/4 승강장에 못 들어가는 바람에 개학식에 지각할 위기에 처한다. 결국 하늘을 나는 자동차 포드 앵글리아를 타고 천신만고끝에 학교에 도착했으나 공교롭게도 차가 학교 선생님들이 소중히 여기는 '커다란 버드나무' 위에 불시착하는 바람에 화가 난 스네이프 교수로부터 퇴학 경고를 받게 된다. 한편 1학년 때 해리가 보여준 영웅적인 활약상은 학교 전체에 소문이 나고, 그 덕에 해리는 원치 않는 관심의 초점이 된다. 론의 여동생 지니, 사진작가 지망생 콜린 크리비 등의 신입생과 어둠의 마법 방어술을 가르치는 신임 교수 질데로이 록허트가 새롭게 해리포터의 팬이 된다.  남의 시선 끌기를 좋아하는 잘난척하는 성격 탓에 주변에서 따돌림 당하는 록허트 교수는 해리와 친해지고 싶어 안달하지만, 그 역시 학교에서 일어나는 무서운 사건에 대해 뾰족한 설명을 못해준다. 모든 이목은 해리에게 집중되고, 결국 급우들은 해리를 의심하기에 이른다. 물론 론과 헤르미온느, 그리고 수수께끼의 일기장에 마음을 뺏긴 론의 동생 지니만은 끝까지 해리를 믿는다.  자신을 믿는 친구들을 실망시킬 수는 없는 법. 해리는 -도움을 준다며 되려 걸리적 대는 록허트 교수가 다소 방해가 되긴 하지만- 어둠의 세력과 맞서 싸울 결심을 하는데..",162분 
17,18,30688,해리 포터와 마법사의 돌,https://movie.naver.com/movie/bi/mi/basic.nhn?code=30688,https://ssl.pstatic.net/imgmovie/mdi/mit110/0306/30688_P28_142632.jpg,2001.0,크리스 콜럼버스,"['다니엘 래드클리프', '루퍼트 그린트', '엠마 왓슨']",9.36,"해리 포터(다니엘 래드클리프 분)는 위압적인 버논 숙부(리챠드 그리피스 분)와 냉담한 이모 페투니아 (피오나 쇼 분), 욕심 많고 버릇없는 사촌 더즐리(해리 멜링 분) 밑에서 갖은 구박을 견디며 계단 밑 벽장에서 생활한다. 이모네 식구들 역시 해리와의 동거가 불편하기는 마찬가지. 이모 페투니아에겐 해리가 이상한(?) 언니 부부에 관한 기억을 떠올리게 만드는 달갑지 않은 존재다. 11살 생일이 며칠 앞으로 다가왔지만 한번도 생일파티를 치르거나 제대로 된 생일선물을 받아 본 적이 없는 해리로서는 특별히 신날 것도 기대 할 것도 없다. 11살 생일을 며칠 앞둔 어느 날 해리에게 초록색 잉크로 쓰여진 한 통의 편지가 배달된다. 그 편지의 내용은 다름 아닌 해리의 11살 생일을 맞이하여 전설적인“호그와트 마법학교”에서 보낸 입학초대장이었다. 그리고 해리의 생일을 축하하러 온 거인 해그리드는 해리가 모르고 있었던 해리의 진정한 정체를 알려주는데. 그것은 바로 해리가 굉장한 능력을 지닌 마법사라는 것!  해리는 해그리드의 지시대로 자신을 구박하던 이모네 집을 주저없이 떠나 호그와트행을 택한다. 런던의 킹스크로스 역에 있는 비밀의 9와 3/4 승장장에서 호그와트 특급열차를 탄 해리는 열차 안에서 같은 호그와트 마법학교 입학생인 헤르미온느 그레인저(엠마 왓슨 분)와 론 위즐리 (루퍼트 그린트 분)를 만나 친구가 된다. 이들과 함께 호그와트에 입학한 해리는, 놀라운 모험의 세계를 경험하며 갖가지 신기한 마법들을 배워 나간다. 또한 빗자루를 타고 공중을 날아다니며 경기하는 스릴 만점의 퀴디치 게임에서 스타로 탄생하게 되며, 용, 머리가 셋 달린 개, 유니콘, 켄타우루스, 히포그리프(말 몸에 독수리 머리와 날개를 가진 괴물)등 신비한 동물들과 마주치며 모험을 즐긴다. 그러던 어느 날 해리는 호그와트 지하실에 `영원한 생을 가져다주는 마법사의 돌'이 비밀리에 보관되어 있다는 것을 알게되고, 해리의 부모님을 죽인 볼드모트가 그 돌을 노린다는 사실도 알게 된다. 볼드모트는 바로 해리를 죽이려다 실패하고 이마에 번개모양의 흉터를 남긴 장본인이다. 해리는 볼드모트로부터 마법의 돌과 호그와트 마법학교를 지키기 위해 필사의 노력을 하는데...",152분 
18,19,33952,해리 포터 주차장,https://movie.naver.com/movie/bi/mi/basic.nhn?code=33952,,,,[],9.13,None,None
19,20,169637,라이온 킹,https://movie.naver.com/movie/bi/mi/basic.nhn?code=169637,https://ssl.pstatic.net/imgmovie/mdi/mit110/1696/169637_P24_102228.jpg,2019.0,존 파브로,"['도날드 글로버', '세스 로건', '치웨텔 에지오포', '제임스 얼 존스', '빌리 아이크너', '알프리 우다드', '비욘세']",8.28,"어린 사자 ‘심바’는 프라이드 랜드의 왕인 아버지 ‘무파사’를 야심과 욕망이 가득한 삼촌 ‘스카’의 음모로 잃고 왕국에서도 쫓겨난다.  기억해라! 네가 누군지.  아버지의 죽음에 대한 죄책감에 시달리던 ‘심바’는 의욕 충만한 친구들 ‘품바’와 ‘티몬’의 도움으로 희망을 되찾는다.  어느 날 우연히 옛 친구 ‘날라’를 만난 ‘심바’는 과거를 마주할 용기를 얻고,  진정한 자신의 모습을 찾아 위대하고도 험난한 도전을 떠나게 되는데…",118분 
20,21,38223,라이온 킹 1과 1/2,https://movie.naver.com/movie/bi/mi/basic.nhn?code=38223,https://ssl.pstatic.net/imgmovie/mdi/mit110/0382/C8223-00.jpg,2004.0,브래들리 레이몬드,[],8.33,None,None
21,22,30364,라이온 킹 2,https://movie.naver.com/movie/bi/mi/basic.nhn?code=30364,https://ssl.pstatic.net/imgmovie/mdi/mit110/0303/C0364-01.jpg,1998.0,다렐 루니,"['매튜 브로데릭', '모이라 켈리']",8.51,None,81분 
22,23,16521,라이온 킹,https://movie.naver.com/movie/bi/mi/basic.nhn?code=16521,https://ssl.pstatic.net/imgmovie/mdi/mit110/0165/16521_P45_105412.jpg,1994.0,로저 알러스,"['조나단 테일러 토마스', '매튜 브로데릭', '제임스 얼 존스', '제레미 아이언스', '모이라 켈리', '니케타 캘레임']",9.3,"아버지 무파사의 대를 이어 왕이 될 운명의 심바. 그러나 왕의 동생 스카가 심바를 이용해 왕을 살해하고, 심바는 자신이 저지를 죄를 피해 달아나, 티몬, 품바와 함께 살아간다. 과연 심바는 아버지의 원수를 갚고 왕의 자리를 되찾을 수 있을까?",89분 
23,24,69940,슈렉 포에버,https://movie.naver.com/movie/bi/mi/basic.nhn?code=69940,https://ssl.pstatic.net/imgmovie/mdi/mit110/0699/69940_P54_111153.jpg,2010.0,마이크 미첼,"['마이크 마이어스', '에디 머피', '카메론 디아즈', '안토니오 반데라스']",8.04,"슈렉이 아름다운 공주 피오나와 겁나먼 왕국을 구해낸 이후. 그들도 오래오래 행복하게 살았...더라면 참 좋았을텐데! 과연 슈렉에게도 모두가 바라던 해피엔딩이 올까? 한 가정의 평범한 아빠와 남편으로 반복되는 일상에 따분함을 느끼던 슈렉은 마을 사람들에게 겁을 주고, 진흙 목욕도 실컷 하던 자유로웠던 시절을 꿈꾸게 된다. ‘단 하루라도 자유로워진다면 죽어도 한이 없겠어’라며, 단 하루의 일탈을 꿈꾸던 슈렉은 ‘겁나먼 세상’을 차지하려는 악당 럼펠의 그럴싸한 계략에 속아넘어가 ‘완전 딴판 겁나먼 세상’에 떨어지고 만다. 완전 딴판으로 바뀌어버린 세상에서 절친 동키는 슈렉을 미친 괴물 취급하며 줄행랑 치고, 단 하나의 사랑 피오나는 하이킥을 날리고, 장화신은 고양이는 더 이상 장화를 신지 않는 D라인의 고양이가 되어 있다. 친구들과 왕국, 그리고 하나뿐인 진실한 사랑을 되찾기 위한 슈렉의 마지막 이야기가 시작된다!","
 2010
.07.01 개봉
						
						
					
					"
24,25,43838,슈렉 3,https://movie.naver.com/movie/bi/mi/basic.nhn?code=43838,https://ssl.pstatic.net/imgmovie/mdi/mit110/0438/D3838-00.jpg,2007.0,크리스 밀러,"['마이크 마이어스', '에디 머피', '카메론 디아즈', '안토니오 반데라스']",6.57,"마침내 평온을 되찾은 ‘겁나먼 왕국’. 이제 자신들의 늪에 돌아가 둘만의 달콤한 생활을 꿈꾸던 슈렉과 피오나에게 엄청난 태클이 들어온다. 피오나의 아버지 해롤드 왕이 위독해져 슈렉과 피오나가 왕위를 계승해야 하는 상황이 벌어진 것.  해롤드 왕은 슈렉에게 왕위 계승 다음 서열인 피오나의 먼 친척 ‘아더 왕자’를 찾아오면 늪으로 돌아가도 좋다는 타협책을 내놓는다. 슈렉은 동키, 장화 신은 고양이와 함께 아더 왕자를 찾기 위한 머나먼 여정에 나서고….  한편, 슈렉이 없는 틈을 ‘프린스 챠밍’은 동화속 악당을 모아 겁나먼 왕국을 차지하려는 음모를 꾸미고, 왕국에 남아있는 피오나 등 5공주(백설공주, 신데렐라, 잠자는 숲속의 공주, 라푼첼)와 릴리안 왕비는 힘을 합쳐 프린스 챠밍에 맞서는데…. ‘모두가 王이 되고자 하는 시대’에 ‘스스로 王을 포기하려는’ 슈렉. 자신이 원하는 삶을 누리는 ‘진정한 王’이 될 수 있을까?",92분 
25,26,46811,슈렉 더 홀스,https://movie.naver.com/movie/bi/mi/basic.nhn?code=46811,https://ssl.pstatic.net/imgmovie/mdi/mit110/0468/46811_P01_113240.jpg,2007.0,게리 트러스데일,"['마이크 마이어스', '에디 머피', '카메론 디아즈', '안토니오 반데라스']",8.0,None,"
미국
"
26,27,34519,슈렉 2,https://movie.naver.com/movie/bi/mi/basic.nhn?code=34519,https://ssl.pstatic.net/imgmovie/mdi/mit110/0345/C4519-00.jpg,2004.0,앤드류 아담슨,"['마이크 마이어스', '에디 머피', '카메론 디아즈', '줄리 앤드류스', '안토니오 반데라스', '존 클리즈', '루퍼트 에버릿', '제니퍼 손더스']",8.53,"{옛날 옛날, '겁나먼 왕국'의 왕과 왕비에게 어여쁜 딸이 태어났습니다. 온나라 백성들이 모두 기뻐했습니다. 그러나 해가 지자마자, 공주는 무시무시한 마법에 걸리게 되었고, 그런 일이 매일 밤마다 계속되었습니다. 그들은 요정 대모에게 간절히 도움을 요청했고, 요정은 그들로 하여금 공주를 높은 탑에 가두도록 하였습니다. 꽃미남 챠밍 왕자의 키스를 기다리면서 말입니다. 바로 그가 목숨을 걸고 며칠 밤낮을 걸쳐, 혹한과 뜨거운 사막을 헤치고 용이 지키고 있는 성으로 향하는 위험한 여행을 기꺼이 떠난 인물인 것입니다. 왜냐하면 그는 이 나라에서 최고로 용맹할 뿐더러, 얼굴까지 잘 생겼으니까. 그의 키스로 무서운 저주를 푸는 것은 바로 그의 숙명인 것입니다. 홀로 가장 높은 탑의 가장 높은 방으로 올라가 방으로 들어가서 잠자고 있는 공주의 모습이 비치고 있는 비단 커튼을 젖히면 바로 그녀가..... 피오나 공주는 어딨소? 신혼여행 중이야! 신혼여행? 누구랑?}  꿈결 같은 허니문에서 돌아온 슈렉과 피오나. 이 행복한 녹색 커플은 “겁나먼” 왕국의 왕과 왕비인 피오나의 부모님으로부터 초청장을 받는다. 드디어 도착한 왕국에는 모든 시민들이 기대에 부풀어 그들을 기다리고 있는데.. 떨리는 맘으로 슈렉이 모습을 드러내는 순간, 멋진 왕자를 기대했던 모든 이들은 기절초풍! 초록색이 되어버린 공주는 말할 것도 없이 말이다.  발칵 뒤집힌 “겁나먼” 왕국. 이제 이 충격적인 사건을 해결하기 위해 만만치 않은 강적들이 속속 등장한다. 업계 1위의 괴물 전문 킬러 ‘장화 신은 고양이’, 퍼펙트(?)한 외모의 왕자 ‘프린스 챠밍’, 신비한 힘을 가진 요정 대모까지. 성가신 건 질색인 슈렉에게 터져버린 대형 사고! 또 다시 의도하지 않은 사건에 휘말린 슈렉 패밀리 앞에 상상할 수 없는 예측불허의 모험들이 펼쳐지는데..",92분 
27,28,31579,슈렉,https://movie.naver.com/movie/bi/mi/basic.nhn?code=31579,https://ssl.pstatic.net/imgmovie/mdi/mit110/0315/C1579-00.jpg,2001.0,앤드류 아담슨,"['마이크 마이어스', '에디 머피', '카메론 디아즈', '존 리스고']",8.89,"{옛날 옛적에 한 아름다운 공주가 있었습니다. 그러나 그녀에게는 오직 사랑하는 사람의 첫 키스만이 깰 수 있는 저주가 걸려 있었습니다. 그녀는 불을 뿜는 무시무시한 용이 지키는 한 성에 갇혀 있었습니다. 수많은 용감한 기사들이 그녀를 구출하려 했지만, 성공하지 못했습니다. 그녀는 용이 지키는 그 성의 가장 높은 탑 꼭대기에 있는 방에서 '그녀의 사랑'과 '그의 키스'를 기다렸습니다. 히히히~ 그런 일은 절대 없을 것 같은데. 우웩, 이것봐.}  성 밖 늪지대에 사는 엄청나게 못생기고 무지무지 큰 괴물 슈렉. 지저분한 진흙으로 샤워를 즐기고 동화책은 화장실 휴지 삼아 쓰는 그는 혼자만의 시간을 즐긴다. 그러던 어느 날, 자신만의 고요한 안식처에 백설공주, 신데렐라, 빗자루를 타고 다니는 마녀, 피리부는 아저씨, 피터팬, 피노키오 등등.. 동화속의 주인공들이 모두 쳐들어온다. 그 중에서도 가장 귀찮은 건 쉴새없이 떠들어대는 당나귀 덩키. 알고보니 얼굴이 몸의 반을 차지하는 1m도 안되는 숏다리 파콰드영주가 동화속의 주인공들을 다 쫓아낸것. 결국 슈렉은 파콰드영주와 담판을 지으러 떠난다. 하지만 일은 이상하게 꼬여 결국 파콰드영주 대신 불뿜는 용의 성에 갇힌 피오나 공주를 구하러 떠나게 되는데..",90분 
28,29,136990,인크레더블 2,https://movie.naver.com/movie/bi/mi/basic.nhn?code=136990,https://ssl.pstatic.net/imgmovie/mdi/mit110/1369/136990_P27_140604.jpg,2018.0,브래드 버드,"['사무엘 L. 잭슨', '홀리 헌터', '크레이그 T. 넬슨', '사라 보웰', '헉 밀너']",9.22,"슈퍼맘 ‘헬렌’이 국민 히어로 ‘일라스티걸’로 활약하며 세상의 주목을 받자 바쁜 아내의 몫까지 집안일을 하기 위해 육아휴직을 낸 아빠 ‘밥’은 질풍노도 시기의 딸 ‘바이올렛’, 자기애가 넘치는 아들 ‘대쉬’, 어마무시한 능력을 시도때도 없이 방출하는 막내 ‘잭잭’까지 전담하며 전쟁같은 하루하루를 보낸다.  그러던 어느 날, 각자의 위치에서 바쁜 일상을 보내던 슈퍼파워 가족 앞에 새로운 악당이 나타났다!  다시 한번 세상을 구하기 위해 나선 가족은 ‘인크레더블’한 능력을 발휘할 수 있을까?",125분 
29,30,99604,인크레더블,https://movie.naver.com/movie/bi/mi/basic.nhn?code=99604,https://ssl.pstatic.net/imgmovie/mdi/mit110/0996/99604_P01_173920.jpg,2012.0,데이빗 발레로,"['후안 에울랄리오 로페즈', '조아나 마틴', '마리아 모레노']",0.0,None,90분 
30,31,36798,인크레더블,https://movie.naver.com/movie/bi/mi/basic.nhn?code=36798,https://ssl.pstatic.net/imgmovie/mdi/mit110/0367/C6798-00.jpg,2004.0,브래드 버드,"['크레이그 T. 넬슨', '홀리 헌터']",9.25,"보이지 않는 곳에서 악의 무리들을 일망타진하는 세계 최강의 슈퍼히어로 ""미스터 인크레더블"" 그러나 은퇴한지 벌써 15년! 전성기 때 ‘몸짱’에서 ‘몸꽝’이 되어버린 그의 불룩 나온 배는 이제 초강력 허리띠조차 튕겨 내버린다. 그런 그에게 정체불명의 특명이 떨어진다. 출동할 곳은 본토와 아득히 떨어진 섬, 특명을 내린 사람을 알 수 없는 1급 비밀작전. 평범한 시민 ""미스터 인크레더블""은 다시 빛나는 영웅으로 복귀 할 수 있을 것인가.",121분 
31,32,210029,그 남자는 타이타닉을 보고 싶지 않았다,https://movie.naver.com/movie/bi/mi/basic.nhn?code=210029,https://ssl.pstatic.net/imgmovie/mdi/mit110/2100/210029_P01_103755.jpg,2021.0,티무 니키,[],0.0,"난치병으로 시력과 기동성을 잃은 야코는 원거리 연애 중이다. 수백 킬로미터 떨어진 도시에 사는 연인을 만나기 위해 안전한 집을 벗어난 야코가 마주한 세상은 생소하고 위협적이다.   [제26회 부산국제영화제]",83분 
32,33,181038,에이리언 어택 2019,https://movie.naver.com/movie/bi/mi/basic.nhn?code=181038,https://ssl.pstatic.net/imgmovie/mdi/mit110/1810/181038_P01_113349.jpg,2017.0,제프 르로이,"['타샤 타코사', '로버트 리니']",6.92,"2140년, 우주선 ‘타이탄 1C’호에서는 새해를 맞이하는 광란의 파티가 한창인 가운데 혜성의 파편에 숨어있던 에이리언이 우주선을 덮치고 인간의 몸 속으로 침투하기 시작한다. 운 좋게 구조선을 타고 있었던 1등 항해사 라나와 5명의 선원은 에이리언을 피해 지구와 비슷한 외계 행성에 불시착하여 안도하지만 선원들은 원인을 알 수 없이 하나 둘씩 기생충에 감염되기 시작하는데… 우주선에서 살아남은 자, 그들의 지옥도가 펼쳐진다!",85분 
33,34,111193,타이타닉: 블러드 앤 스틸,https://movie.naver.com/movie/bi/mi/basic.nhn?code=111193,https://ssl.pstatic.net/imgmovie/mdi/mit110/1111/111193_P01_144516.jpg,2012.0,,"['케빈 지거스', '리암 커닝햄', '알레산드라 마스트로나르디', '데릭 제이코비', '니브 캠벨', '크리스 노스']",8.5,"영화 <타이타닉>의 프리퀄 드라마인 <타이타닉: 블러드 앤 스틸>은 타이타닉호 침몰 이전으로 돌아가 여객선의 건조 과정을 통해 침몰 원인을 재조명 했으며 혁명의 도화선이 된 RMS 타이타닉 건조를 둘러싼 계층간갈등과 1909년 당시의 혼란스러운 시대상을 현실적으로 표현했다.  또한 3D 모델링, 애니메이션 및 합성 등을 통한 뛰어난 시각 효과를 바탕으로 타이타닉호 조선 과정을 완벽하게 재현했다.",50분 
34,35,80857,타이타닉 2,https://movie.naver.com/movie/bi/mi/basic.nhn?code=80857,https://ssl.pstatic.net/imgmovie/mdi/mit110/0808/80857_P12_183002.jpg,2010.0,쉐인 반 다이크,"['쉐인 반 다이크', '마리 웨스트브룩']",2.23,"타이타닉호 침몰이 있은 후 백 년 뒤, 예전의 타이타닉호 보다 한층 고급스럽고 거대한 최첨단 선박이 타이타닉 2호라는 이름으로 만들어진다. 타이타닉호가 침몰한 지 정확히 100년이 되는 날에 맞춰 대서양을 횡단하는 항해를 축하하는 승선식을 가진다. 하지만 기념일에 완공식을 맞추기 위한 무리한 진행으로 엔진 장착과 안전 심의 기준을 완전히 충족시키지 못한 채 출항을 하게 된다. 때마침 빙하가 갈라지면서 거대 쓰나미가 대서양을 덮치게 되는데... 타이타닉 2호의 운명은 타이타닉호의 운명을 답습할 것인가?",90분 
35,36,48204,타이타닉스 티 리브,https://movie.naver.com/movie/bi/mi/basic.nhn?code=48204,https://ssl.pstatic.net/imgmovie/mdi/mit110/0482/48204_P01_163932.jpg,2007.0,그레테 보,['잉게르 디에트리히스'],0.0,None,74분 
36,37,37541,타이타닉 타운,https://movie.naver.com/movie/bi/mi/basic.nhn?code=37541,https://ssl.pstatic.net/imgmovie/mdi/mit110/0375/C7541-00.jpg,1998.0,로저 미첼,"['줄리 월터스', '시아란 힌즈']",8.67,"아일랜드 공화국군(IRA)이 영국군과 한창 무장충돌을 빚던 1972년 북아일랜드 벨파스트에서 벌어진 실화를 바탕으로 했다. 당시 영국령이지만 주민 25%가 가톨릭 신자였던 벨파스트는 가톨릭계 무장단체인 IRA의 저항활동이 활발하던 곳. 백주대낮에 무고한 시민이 아들의 눈앞에서 총에 맞아 죽자, 자신의 아이들을 안전하게 키우기 위해 평화수호자로 나서게 된 평범한 어머니의 이야기. 오랫동안 유혈사태를 빚어온 북아일랜드의 아일랜드 흡수 문제를, 영국 쪽도 IRA 쪽도 아닌 평범한 주민의 시각에서 바라보며 그 안에서 따뜻한 인간애와 가족애를 건져올린다. 영화의 제목인 ‘타이타닉 타운’은 북아일랜드의 수도 벨파스트를 뜻한다. 이는 1912년 침몰한 호화 여객선 타이타닉호가 이곳에서 제작된 탓에 붙여진 별명이다. 1998년 로카르노 국제영화제 기독교 심사위원상 수상작.",None
37,38,18847,타이타닉,https://movie.naver.com/movie/bi/mi/basic.nhn?code=18847,https://ssl.pstatic.net/imgmovie/mdi/mit110/0188/18847_P96_094922.jpg,1997.0,제임스 카메론,"['레오나르도 디카프리오', '케이트 윈슬렛']",9.41,"우연한 기회로 티켓을 구해 타이타닉호에 올라탄 자유로운 영혼을 가진 화가 잭(레오나르도 디카프리오)은  막강한 재력의 약혼자와 함께 1등실에 승선한 로즈(케이트 윈슬렛)에게 한 눈에 반한다.  진실한 사랑을 꿈꾸던 로즈 또한 생애 처음 황홀한 감정에 휩싸이고, 둘은 운명 같은 사랑에 빠지는데…",194분 
38,39,33093,타이타닉,https://movie.naver.com/movie/bi/mi/basic.nhn?code=33093,https://ssl.pstatic.net/imgmovie/mdi/mit110/0330/33093_P01_140807.jpg,1996.0,로버트 라이버먼,"['피터 갤러거', '조지 C. 스콧', '캐서린 제타 존스']",6.62,None,173분 
39,40,12852,타이타닉 인양,https://movie.naver.com/movie/bi/mi/basic.nhn?code=12852,https://ssl.pstatic.net/imgmovie/mdi/mit110/0128/A2852-01.jpg,1980.0,제리 제임슨,"['제이슨 로바즈', '리처드 조던']",4.63,"1981년도 래지상(최악의 상) 첫회, 최악의 작품상 후보에 오른 영화.",None
40,41,24384,타이타닉의 최후,https://movie.naver.com/movie/bi/mi/basic.nhn?code=24384,https://ssl.pstatic.net/imgmovie/mdi/mit110/0243/24384_P03_075931.jpg,1953.0,진 네글레스코,"['클리프톤 웹', '바바라 스탠윅']",5.5,"20세기 최대의 초호화 여객선 타이타닉 호의 대참사를 스크린 위에 재현한 1953년도 흑백 영화. 1953년 아카데미 시상식에서 원작과 각본상을 수상했다.  1912년 20세기 초 최대 호화 여객선 타이타닉 호가 아메리카를 연결하는 처녀항해에 나선다. 상류층인 스터니 부인(Julia Sturges: 바브라 스탠 위크 분)은 남편인 리차드(Richard Ward Sturges: 클리프톤 웨브 분)와의 불화로 아네트(Annette: 오드리 달튼 분)과 아들을 데리고, 타이타닉호에 승선한다. 그러나 아들을 따라온 리차드는 가족들과 만나지만 아내는 냉담하기만 하다. 타이타닉의 승무원인 기프 로저스(Giff Rogers: 로버트 와그너 분)는 승선하는 아네트를 보고, 첫눈에 반한다. 부모님의 불화로 마음을 둘곳 없던 아네트 역시 그의 순수한 마음에 이끌리고 이들은 신분의 차이를 넘어선 사랑에 빠진다.  한편, 뉴 펀들랜드 남방에 가까워질 무렵, 빙산의 위험을 알리는 여러번의 경고가 타이타닉 호에 전달된다. 그러나 선장은 이 경고를 무시하고 속력을 줄이지 않은 채 항해를 계속하고 결국, 출항한지 4일만에 눈앞의 빙산을 발견하고도 미처 피하지 못해 빙산과 부딪히고 침몰하기 시작한다. 경보가 울리고 대피하기 위해, 갑판으로 나온 스터지 가족은 함께 보트에 탈 수 없음을 알게 되고, 위기의 순간에서야 비로소, 가족의 사랑을 확인하게 된다. 딸과 부인을 먼저 보내고, 배에 남은 리차드와 그의 아들은 점점 가라앉고 있는 타이타닉 호에서 탈출하기 위해 안간힘을 쓰는데.",98분 
41,42,163788,알라딘,https://movie.naver.com/movie/bi/mi/basic.nhn?code=163788,https://ssl.pstatic.net/imgmovie/mdi/mit110/1637/163788_P18_105943.jpg,2019.0,가이 리치,"['메나 마수드', '윌 스미스', '나오미 스콧']",9.38,"머나먼 사막 속 신비의 아그라바 왕국의 시대. 좀도둑 ‘알라딘’은 마법사 ‘자파’의 의뢰로 마법 램프를 찾아 나섰다가 주인에게 세 가지 소원을 들어주는 지니를 만나게 되고, 자스민 공주의 마음을 얻으려다 생각도 못했던 모험에 휘말리게 되는데…",128분 
42,43,189292,알라딘-램프의 신,https://movie.naver.com/movie/bi/mi/basic.nhn?code=189292,https://ssl.pstatic.net/imgmovie/mdi/mit110/1892/189292_P01_104707.jpg,2019.0,글렌 캠벨,[],0.0,친구들은 가난하지만 서로를 가족처럼 의지하며 하루하루 성실히 살고 있다. 어느 날 우연히 여왕은 거리에서 위험을 무릅쓰고 도둑을 잡는 알라딘의 용감한 모습을 목격한다. 여왕은 알라딘에게 팔찌를 선물하며 둘은 서로 미묘한 감정에 빠진다. 알라딘을 못마땅하게 여긴 여왕의 신하이자 마법사인 마그레브는 알라딘을 꼬여 위험이 도사리는 동굴에 들어가 램프를 갖고 오는 임무를 맡긴다. 마그레브의 술수에 의해 동굴에 갇힌 알라딘은 간신히 램프를 갖고 빠져나와 램프의 요정 지니를 불러내 여왕의 마음을 얻기 위해 자신을 왕자로 변신시키는데.... 마그레브는 암흑의 존재들의 힘을 빌려 알라딘과 그의 친구들을 위험에 처하게 한다. 알라딘은 인생에서 가장 소중한 가치를 깨닫고 그 가치를 지키려 악의 세력과 용감하게 맞선다.,88분 
43,44,149764,애덤 그린스 알라딘,https://movie.naver.com/movie/bi/mi/basic.nhn?code=149764,,2016.0,애덤 그린,['애덤 그린'],10.0,None,82분 
44,45,103746,알라딘과 죽음의 램프,https://movie.naver.com/movie/bi/mi/basic.nhn?code=103746,https://ssl.pstatic.net/imgmovie/mdi/mit110/1037/103746_P01_164446.jpg,2012.0,마리오 아조파디,"['다렌 샤라비', '노암 젠킨스', '캔디즈 맥크루']",4.6,None,"
미국
					, 
					
				
					
					캐나다
"
45,46,25359,알라딘 3 : 알라딘과 도적의 왕,https://movie.naver.com/movie/bi/mi/basic.nhn?code=25359,https://ssl.pstatic.net/imgmovie/mdi/mit110/0253/25359_P01_103102.jpg,1996.0,태드 스톤스,"['발 베틴', '짐 커밍스', '길버트 갓프리드', '린다 라킨', '제리 오바치', '존 라이스 데이비스', '스콧 와인거', '프랭크 웰커', '로빈 윌리엄스', '제프 베넷', '코리 버튼', '제스 하넬', '클레이드 쿠사추', '롭 폴슨', 'CCH 파운더']",8.21,"알라딘과 쟈스민의 결혼식 날. 오랫동안 기다려온 공주의 결혼 때문에 아그라바는 온통 축제 분위기다. 신랑과 신부가 입장하고 결혼식이 거행되려는 순간 침입자가 나타난다. 이들은 악명높은 40인의 도적. 보물을 훔치려는 도적들과 이를 막으려는 수비대 때문에 궁궐에서는 한바탕 나리가 난다. 처음엔 도적들이 우세한 듯 싶더니 지니와 알라딘이 가세하여 싸우자, 도적들은 전의를 잃고 물러간다. 사태가 진정된 후, 알라딘은 도둑의 왕이 탐내던 지휘봉을 살펴본다. 그런데, 지휘봉에서 갑자기 예지의 전령이 나타나더니 물어보는 것은 무엇이든 알려준다고 한다. 자신의 과거가 궁금해진 알라딘은 고민 끝에 자신의 아버지가 있는 곳을 묻는다. 40인의 도적을 따라가라는 말에, 도둑들의 소굴로 몰래 잠입한 알라딘은 자신의 아버지이자 도둑의 왕인 카짐을 만난다. 하지만 상봉의 기쁨도 잠시, 침입자는 처단해야 한다는 도적떼의 아우성에, 궁여지책으로 알라딘은 도적단의 제 2인자, 살룩과 겨루게 된다. 격투 끝에 알라딘이 승리하자, 도둑들은 환영하며 그를 패거리에 끼워준다. 죄책감을 느끼는 알라딘에게 살룩이 안죽었다면 네가 대신 죽었을거라고 말하는 카짐. 그는 알라딘을 비밀스런 방으로 데려가더니 자신의 꿈인 '황금의 손'에 대해 이야기해준다. 황금의 손, 건드리는 것은 무엇이든 황금으로 바꾸어버리는 세상 최고의 보물. 아버지와 함께 왕궁으로 돌아오는 알라딘 일행. 지니는 카짐을 멋진 신사로 변장시키고, 알라딘 부자는 쟈스민 부녀와 인사를 나눈다. 그런데, 카짐이 도둑의 왕이란 걸 알아챈 수비대장 라즐은 그를 체포하여 감옥에 처넣는다. 아버지에 대해 실망감과 함께 일말의 책임감을 느낀 알라딘은 몰래 감옥에 숨어들어가 카짐을 탈출시켜 주고나서 궁으로 돌아오며, 그것으로 부자의 연을 끊으려 한다. 한편, 죽은 줄 알았던 살룩은 기적적으로 되살아나 수비대장에게 동료들과 카짐을 팔아먹고, 스스로 남은 무리들의 두목이 되려한다. 40인의 도적 소굴에 나타나서, 동료들이 잡혀간건 카짐때문이라며 자신을 따르라고 선동하는 살룩. 마침 이때, 카짐이 돌아오고, 배신자로 몰린 카짐은 도둑떼의 손에 잡혀 온몸이 결박당한다. 도적들은 카짐을 태우고 황금의 손을 찾아 항해를 떠난다. 몰래 그 틈을 빠져나온 앵무새 이아고는 죽자사자 알라딘에게 날아와서 아버지가 위험에 빠졌음을 알린다. 카짐을 구하러 달려가던 알라딘 일당은 바다 한 가운데서 '황금의 손'이 있다는 전설의 섬이 떠오르는 걸 본다. 구사일생으로 풀려난 카짐, 알라딘, 그리고 살룩은 황금의 손을 찾으러 달려가고, 서로 황금의 손을 차지하려는 가운데 일대 격투가 벌어진다. 싸우던 도중, 황금의 손을 잘못 건드린 살룩은 온 몸이 금덩이로 변해 바닷속에 빠지고 만다. 이 때, 섬을 떠받치고 있던 거북이가 다시 잠수를 시작한다. 가까스로 섬에서 빠져나온 카짐은 자신의 가장 소중한 보물이 황금의 손이 아니라 알라딘이었다는 걸 깨닫고는 보물을 바닷속에 던져버린다. 일행은 모두 함께 궁으로 향하고, 궁전에서는 마침내 쟈스민과 알라딘의 결혼식이 성대히 거행된다. 복면을 하고 숨어서 이 광경을 지켜보던 카짐은 알라딘의 행복을 빌면서 다시 자신의 꿈을 찾아 떠나고, 이 대도가 맘에 든 앵무새 이아고가 그와 동행한다.",96분 
46,47,51527,알라딘 2 - 돌아온 자파,https://movie.naver.com/movie/bi/mi/basic.nhn?code=51527,https://ssl.pstatic.net/imgmovie/mdi/mit110/0515/E1527-01.jpg,1994.0,토비 쉘턴,"['스콧 와인거', '린다 라킨', '브래드 케인', '리즈 캘러웨이']",7.42,"알라딘과 함께 사악한 마법사 자파를 물리치고 램프로부터 자유의 몸이 된 지니는 수천만년 만에 얻은 자유를 만끽하고자 세계 방방곡곡으로 여행을 떠났었다. 그 사이 친구들의 사정도 많이 달라졌다. 아그라바와 왕실을 위기에서 구한 알라딘은 명실공히 자스민 공주의 배필로 인정받고 신임 수상으로 거론되고 있었으며, 아부와 날으는 양탄자도 덩달아 신수가 폈다. 그러나, 무엇보다 놀라운 사실은 이아고가 그 대열에 합류했다는 것! 마법사 자파의 앵무새로 갖가지 사악한 잔꾀를 꾸며 알라딘과 친구들의 생명을 위협했던 이아고는 자파가 램프의 요정이 되어버린 후 그와 더불어 사막을 헤메는 신세로 전락했다. 그러나, 부와 권력을 탐하는 이아고는 먼지나는 사막에 머물 생각이 전혀 없었다. 어떻게든 왕궁으로 복귀하려고 잔꾀를 꾸미던 그는 알라딘의 환심을 사고자 백방으로 노력한 끝에 그를 위기에서 구해주고, 이를 빌미로 왕궁에 따라들어온다. 한편 깊은 어둠 속에서도 복수의 칼을 갈며 호시탐탐 기회를 노리던 자파는 램프가 어리숙한 도적 아비스말의 손에 들어가자, 그를 자신의 복수를 돕도록 조종하는데….",66분 
47,48,120725,알라딘,https://movie.naver.com/movie/bi/mi/basic.nhn?code=120725,,1994.0,제이미 밋첼,"['스콧 와인거', '린다 라킨', '댄 카스텔라네타']",0.0,None,None
48,49,13008,알라딘,https://movie.naver.com/movie/bi/mi/basic.nhn?code=13008,https://ssl.pstatic.net/imgmovie/mdi/mit110/0130/13008_P25_151011.jpg,1992.0,존 머스커,"['스콧 와인거', '로빈 윌리엄스', '린다 라킨']",9.35,"키우는 원숭이 아부와 함께 살아가는 아그라바의 좀도둑 알라딘은 어느 날 궁궐을 탈출한 술탄의 딸 자스민에게 한눈에 반한다. 술탄의 자리를 노리고 있는 사악한 마법사 자파는 알라딘을 눈여겨보고 그에게 마법의 램프를 가져다주면 부자로 만들어주겠다고 말한다. 동굴에 들어가서 램프를 찾던 알라딘은 도중에 동굴이 무너지는 바람에 갇히게 된다. 위기에 빠진 알라딘은 램프의 요정 지니와 마법 양탄자의 도움으로 동굴에서 탈출한다. 지니의 주인이 된 알라딘은 지니를 램프에서 구해주겠다고 약속하고, 지니의 힘을 빌어 왕자로 변신해 자스민에게 청혼하기 위해 아그라바로 돌아온다. 알라딘 때문에 자신의 계획이 실패로 돌아갈 위기에 처하자 자파는 알라딘을 붙잡아 바다에 던지는데...",90분 
49,50,72708,알라딘,https://movie.naver.com/movie/bi/mi/basic.nhn?code=72708,https://ssl.pstatic.net/imgmovie/mdi/mit110/0727/72708_P01_105901.jpg,1992.0,데이빗 드웨이티스,"['닉키 스토터', '데릭 제이코비']",1.0,None,74분 
50,51,13722,돌아온 알라딘,https://movie.naver.com/movie/bi/mi/basic.nhn?code=13722,https://ssl.pstatic.net/imgmovie/mdi/mit110/0137/13722_P01_102956.jpg,1986.0,브루노 코부치,"['버드 스펜서', '루카 베난티니']",0.0,"14살 소년 알라딘은 아빠를 일찍 여의고 할아버지, 어머니와 함께 어렵게 살면서 학교를 마치면 골동품가게의 점원으로 일하고 있다. 그런데 하루는 바닷에서 건진 골동품 램프 하나를 손질하던 중 옛날 아라비아 이야기속의 지니가 나타나서 알라딘을 램프의 주인으로 모시게 된다. 어머니가 폭력배 두목의 집에서 피아노를 쳐주는 일을 하여 가난하게 살아온 알라딘을 램프의 주인이 된 후,지니의 힘을 빌려 자기가 하고 싶었던 여러가지 재미있는 일을 해본다. 또한 알라딘은 지니의 힘을 빌려 자기의 가족을 비롯한 선량한 사람들을 괴롭히고 돈을 뜯어온 폭력 공갈단을 소탕한다. 그리고 이를 경찰에 신고하여 공을 세운 후 알라딘의 할아버지는 거액의 상금을 타고 나이트 클럽의 주인이 되어 마음을 돌리고 착실한 사람이 된다. 그러나 지니의 불가사의한 행동을 수상히 여긴 경찰은 지니를 체포한다. 지니의 힘을 빌려 나쁜 짓을 해볼려는 경찰서장은 지니를 수술하여 분석하려 하지만 실패한다. 지니는 알라딘과 함께 경찰서를 탈출한 후, 램프를 바다에 버려 아무도 찾지 못하게 할 것을 알라딘에게 제안하고 알라딘도 이를 수락한다. 그러나 램프를 버리기 직전 알라딘은 지니를 현재의 인간으로 변화시켜 자기집이 된 나이트 클럽의 피아노 연주를 맡기고 함께 재미있게 산다.",None
51,52,10004,빽 투 더 퓨쳐 3,https://movie.naver.com/movie/bi/mi/basic.nhn?code=10004,https://ssl.pstatic.net/imgmovie/mdi/mit110/0100/A0004-00.jpg,1990.0,로버트 저메키스,"['마이클 J. 폭스', '크리스토퍼 로이드', '메리 스틴버겐', '토머스 F. 윌슨']",9.12,"1955년에 남겨진 마티는 박사가 1885년으로 갔음을 알게 된다. 그의 흔적을 찾아보니 드로리안은 폐광 속에 숨겨져 있었다. 그러나 그가 비프(토마스 F. 윌슨 분)의 선조인 매드독 태넌(토마스 F. 윌슨 분)의 총에 맞아 죽었다고 쓰여진 비석을 발견하고는, 박사를 구출하기 위해 위험한 시간 여행을 감행한다. 1885년의 서부에 도착한 마티는 드로리안의 고장으로, 맥플라이 가문의 선조인 세이머스(마이클 J. 폭스 분)와 매기(리 톰슨 분) 부부의 도움을 받게 되고 박사도 만난다. 고장 난 드로리안으로 시간 여행에 필요한 속도를 얻기위해서 기관차를 이용하려는 위험한 계획이 세워지지만, 박사는 여교사인 클라라(매리 스틴버겐 분)와 사랑에 빠져서 그 시대에 남고 싶어하고 원래 박사가 당하게 되어있던 매드독 태넌과의 결투를 마티가 떠맡게되는 사건이 발생한다. 마티는 기지를 발휘해 매드독과의 결투에서 이기고, 기관차는 질주하기 시작한다. 박사는 자기를 쫓아온 클라라와 남기로 결심을 하고, 마티는 그들과 작별 인사를 한 후 무사히 1985년으로 돌아온다. 드로리안은 완전히 파괴되고, 인간적으로 성숙해진 마티 앞에 새로운 타임머신을 가지고 박사가 다시 나타난다. 그리고 말한다.  ""미래는 백지야. 자네가 직접 만드는 것이라네, 멋진 인생을.""",117분 
52,53,10003,빽 투 더 퓨쳐 2,https://movie.naver.com/movie/bi/mi/basic.nhn?code=10003,https://ssl.pstatic.net/imgmovie/mdi/mit110/0100/10003_P15_100000.jpg,1989.0,로버트 저메키스,"['마이클 J. 폭스', '크리스토퍼 로이드']",9.23,브라운 박사(Dr. Emmett 'Doc' L. Brown: 코리스토퍼 로이드 분)와 30년 후의 미래로 온 마티(Marty McFly: 마이클 J. 폭스 분)와 제니퍼(Jennifer Parker: 엘리자베스 슈 분). 그러나 제니퍼는 타임머쉰과 미래세계에 자신이 있음에 놀라 기절한다. 아들을 깽들로부터 구하고 기절한 제니퍼를 데리고 다시 현대로 돌아온 마티와 브라운 박사는 그러나 뒤죽박죽된 세상에 소스라치게 놀란다. 아버지는 묘지에 묻혀 있고 어머니는 마티의 집에서 일하던 밥과 원치 않은 결혼을 해 으리으리한 집에 살고 있다. 바로 미래에 갔던 마티와 브라운의 타임머신을 그곳에 있던 늙은 밥이 훔쳐타고 그간에 있었던 스포츠 게임의 승부전이 있는 잡지를 60년 전 과거의 젊은 밥(Biff Tannen/Griff: 토마스 F. 윌슨 분) 자신에게 주어 도박으로 일약 부자가 된 것이다.,107분 
53,54,10002,빽 투 더 퓨쳐,https://movie.naver.com/movie/bi/mi/basic.nhn?code=10002,https://ssl.pstatic.net/imgmovie/mdi/mit110/0100/10002_P17_100100.jpg,1985.0,로버트 저메키스,"['마이클 J. 폭스', '크리스토퍼 로이드', '리 톰슨', '크리스핀 글로버', '토머스 F. 윌슨']",9.42,"힐 밸리(Hill Valley)에 사는 주인공 마티 맥플라이(Marty McFly: 마이클 J. 폭스 분)는 록큰롤, 스케이트보드, 그리고 자동차를 좋아하는 명랑 쾌할한 고교생으로, 아버지 죠지(George Douglas McFly: 크리스핀 글로버 분)와 어머니 로레인(Lorraine Baines: 리아 톰슨 분), 그리고 형과 누나가 있는 가정의 평범한 청소년이다. 평소 친하게 지내던 괴상한 발명가 에메트 브라운 박사(Dr. EmmDr. Emmett L. ""Doc"" Brown: 크리스토퍼 로이드 분)가 스포츠카 드로리안(DeLorean)을 개조해 타임머신을 만들지만, 뜻밖의 사고로 브라운 박사가 테러범들에게 총을 맞고 위험해진 마티는 급기야 30년 전으로 간다. 극장 간판에는 2류 배우인 로널드 레이건이 보이고 청년인 아버지와 어머니를 보게 된다. 그러나 젊은 아버진 여전히 멍청하고, 무엇보다 어머니가 미래의 아들인 마티를 좋아해 야단이다. 마티가 미래로 가는 것을 도와 줄 사람은 30년 전인 젊은 브라운 박사뿐. 댄스 파티가 열리는 날에 아버지와 어머니가 만났던 것을 기억한 마티는 두 사람을 결합시키고자 어머니와 파티장으로 간다. 그런데, 심술장이 밥(Biff Tannen: 토마스 F. 윌슨 분)이 나타나 어머니를 겁탈하려 하나 화가 난 아버지가 일격에 때려 눕혀 그때부터 소심했던 아버지의 성격이 바낀다. 무사히 부모님은 만나 마티의 존재는 없었지지 않지만 마티의 '미래로의 귀환(Back to the future)'이 어려워지는 사태를 맞는데....",120분 
54,55,158518,익스트림 파이트 클럽,https://movie.naver.com/movie/bi/mi/basic.nhn?code=158518,https://ssl.pstatic.net/imgmovie/mdi/mit110/1585/158518_P01_152315.png,2016.0,미구엘 A. 페레르,"['에이미 존스턴', '코트니 팜', '숀 패리스', '돌프 룬드그렌']",5.67,여동생을 살해한 악당들에게 복수하는 내용의 영화,90분 
55,56,164712,플로렌스 파이트 클럽,https://movie.naver.com/movie/bi/mi/basic.nhn?code=164712,https://ssl.pstatic.net/imgmovie/mdi/mit110/1647/164712_P01_160709.jpg,2015.0,스테파노 로랑지,"['알렉스 스패로우', '브랑코 듀릭', '세르지오 알벨리', '귀도 카프리노', '프란체스코 슈아나', '카테리나 뮤리노']",0.0,None,93분 
56,57,127137,좀비 파이트 클럽,https://movie.naver.com/movie/bi/mi/basic.nhn?code=127137,https://ssl.pstatic.net/imgmovie/mdi/mit110/1271/127137_P03_181727.JPG,2014.0,조치엔,"['안지걸', '윤자유', '오윤룡', '제시카 캠벤시']",5.84,"모든 질서는 사라지고, 혼돈만이 남았다... 세기말, 빌딩 속 모든 사람들이 좀비로 변해가고 있다! 종말의 기운이 감도는 세기말 도시, 앤디(안지걸)가 소속된 경찰 부대는 마약밀수단의 본거지로 알려진 건물을 수색하라는 명령을 받는다.  그곳에서 제니(제시카 캠벤시)와 친구들이 한창 파티를 즐기고 있다. 하지만 갑자기 나타난 좀비로 인해 파티장은 혼돈에 빠지고,  건물에 잠입한 앤디의 부대원들 역시 좀비 바이러스에 감염되고 만다. 앤디는 공포에 떨로 있는 제니와 함께 가까스로 그곳을 탈출한다. 점점 폐허가 되어가는 도시, 살아남은 사람들은 좀비들의 노예로 두려운 나날을 보낸다.  그리고 좀비 보다도 더 악랄하게 생존자들을 위협하고 지배하려고 하는 사람들까지 나타난다.  결국, 앤디와 제니는 자유를 위해 도시를 탈출하려고 하는데... 불확실로 가득 찬 세계! 과연, 인류는 새로운 세상을 창조할 수 있을 것인가?",95분 
57,58,65199,리얼 파이트 클럽,https://movie.naver.com/movie/bi/mi/basic.nhn?code=65199,https://ssl.pstatic.net/imgmovie/mdi/mit110/0651/F5199-01.jpg,2006.0,데이비드 워스,"['제이슨 베리', '러셀 왕']",3.67,None,87분 
58,59,27260,파이트 클럽,https://movie.naver.com/movie/bi/mi/basic.nhn?code=27260,https://ssl.pstatic.net/imgmovie/mdi/mit110/0272/27260_P22_125837.jpg,1999.0,데이빗 핀처,"['브래드 피트', '에드워드 노튼', '헬레나 본햄 카터']",8.87,"비싼 가구들로 집 안을 채우지만 삶에 강한 공허함을 느끼는 자동차 리콜 심사관 ‘잭’. 거부할 수 없는 매력의 거친 남자 ‘테일러 더든’과의 우연한 만남으로 본능이 이끄는 대로 삶을 살기로 결심한다. 어느 날, “싸워봐야 네 자신을 알게 된다”라는 테일러 더든의 말에 통쾌한 한 방을 날리는 잭. 두 사람은 여태껏 경험해보지 못한 강렬한 카타르시스를 느끼며 ‘파이트 클럽’이라는 비밀 조직을 결성하고, 폭력으로 세상에 저항하는 거대한 집단이 형성된다. 하지만, 걷잡을 수 없이 커진 ‘파이트 클럽’은 시간이 지날수록 의미가 변질되고, 잭과 테일러 더든 사이의 갈등도 점차 깊어져 가는데…",139분 
